2	0
2.02	0
2.04	0
2.06	0
2.08	0
2.1	0
2.12	0
2.14	0
2.16	0
2.18	0
2.2	0
2.22	0
2.24	0
2.26	0
2.28	0
2.3	0
2.32	0
2.34	0
2.36	0
2.38	0
2.4	0
2.42	0
2.44	0
2.46	0
2.48	0
2.5	0
2.52	0
2.54	0
2.56	0
2.58	0
2.6	0
2.62	0
2.64	0
2.66	0
2.68	0
2.7	0
2.72	0
2.74	0
2.76	0
2.78	0
2.8	9.97298
2.82	10.253
2.84	10.545
2.86	10.8497
2.88	11.1677
2.9	11.5
2.92	11.8473
2.94	12.2105
2.96	12.5907
2.98	12.9889
3	13.4063
3.02	13.8442
3.04	14.3038
3.06	14.7867
3.08	15.2945
3.1	15.8289
3.12	16.3917
3.14	16.9851
3.16	17.6113
3.18	18.2727
3.2	18.972
3.22	19.7123
3.24	20.4967
3.26	21.3289
3.28	22.2127
3.3	23.1526
3.32	24.1533
3.34	25.2203
3.36	26.3595
3.38	27.5776
3.4	28.8821
3.42	30.2812
3.44	31.7843
3.46	33.402
3.48	35.1463
3.5	37.0307
3.52	39.0705
3.54	41.2834
3.56	43.6894
3.58	46.3115
3.6	49.1766
3.62	52.3153
3.64	55.7638
3.66	59.5639
3.68	63.7652
3.7	68.4257
3.72	73.615
3.74	79.4157
3.76	85.9276
3.78	93.2712
3.8	101.594
3.82	111.077
3.84	121.946
3.86	134.482
3.88	149.042
3.9	166.084
3.92	186.201
3.94	210.172
3.96	239.038
3.98	274.21
4	317.64
4.02	372.086
4.04	441.534
4.06	531.934
4.08	652.607
4.1	819.366
4.12	1061.96
4.14	1439.74
4.16	2065.32
4.18	3120.06
4.2	4820.26
4.22	7230.44
4.24	9620.44
4.26	10000
4.28	7931.01
4.3	5397.54
4.32	3499.79
4.34	2294.21
4.36	1575.21
4.38	1145.47
4.4	874.55
4.42	691.439
4.44	560.479
4.46	463.15
4.48	388.833
4.5	330.863
4.52	284.822
4.54	247.678
4.56	217.297
4.58	192.143
4.6	171.089
4.62	153.296
4.64	138.127
4.66	125.093
4.68	113.813
4.7	103.986
4.72	95.3753
4.74	87.7877
4.76	81.0681
4.78	75.0894
4.8	69.7467
4.82	64.9532
4.84	60.6364
4.86	56.735
4.88	53.1977
4.9	49.9806
4.92	47.0462
4.94	44.3624
4.96	41.9015
4.98	39.6395
5	37.5556
5.02	35.6316
5.04	33.8516
5.06	32.2015
5.08	30.6691
5.1	29.2434
5.12	27.9147
5.14	26.6745
5.16	25.515
5.18	24.4295
5.2	23.4117
5.22	22.4562
5.24	21.558
5.26	20.7125
5.28	19.9158
5.3	19.1642
5.32	18.4543
5.34	17.7831
5.36	17.1478
5.38	16.5459
5.4	15.9752
5.42	15.4335
5.44	14.9188
5.46	14.4295
5.48	13.9639
5.5	13.5204
5.52	13.0977
5.54	12.6945
5.56	12.3096
5.58	11.942
5.6	11.5905
5.62	11.2544
5.64	10.9327
5.66	10.6245
5.68	10.3292
5.7	10.0461
5.72	9.77441
5.74	0
5.76	0
5.78	0
5.8	0
5.82	0
5.84	0
5.86	0
5.88	0
5.9	0
5.92	0
5.94	0
5.96	0
5.98	0
6	0
6.02	0
6.04	0
6.06	0
6.08	0
6.1	0
6.12	0
6.14	0
6.16	0
6.18	0
6.2	0
6.22	0
6.24	0
6.26	0
6.28	0
6.3	0
6.32	0
6.34	0
6.36	0
6.38	0
6.4	0
6.42	0
6.44	0
6.46	0
6.48	0
6.5	0
6.52	0
6.54	0
6.56	0
6.58	0
6.6	0
6.62	0
6.64	0
6.66	0
6.68	0
6.7	0
6.72	0
6.74	0
6.76	0
6.78	0
6.8	0
6.82	0
6.84	0
6.86	0
6.88	0
6.9	0
6.92	0
6.94	0
6.96	0
6.98	0
7	0
7.02	0
7.04	2.23358
7.06	2.29549
7.08	2.36002
7.1	2.42731
7.12	2.49751
7.14	2.5708
7.16	2.64736
7.18	2.7274
7.2	2.81112
7.22	2.89875
7.24	2.99054
7.26	3.08675
7.28	3.18769
7.3	3.29365
7.32	3.40499
7.34	3.52206
7.36	3.64527
7.38	3.77506
7.4	3.9119
7.42	4.05631
7.44	4.20887
7.46	4.37019
7.48	4.54095
7.5	4.72192
7.52	4.91391
7.54	5.11784
7.56	5.33473
7.58	5.56569
7.6	5.81196
7.62	6.07492
7.64	6.35613
7.66	6.6573
7.68	6.98037
7.7	7.3275
7.72	7.70115
7.74	8.10409
7.76	8.53945
7.78	9.0108
7.8	9.52221
7.82	10.0783
7.84	10.6846
7.86	11.3471
7.88	12.073
7.9	12.8708
7.92	13.7501
7.94	14.7224
7.96	15.8014
7.98	17.003
8	18.3467
8.02	19.8556
8.04	21.5579
8.06	23.4878
8.08	25.6877
8.1	28.2102
8.12	31.121
8.14	34.5038
8.16	38.4655
8.18	43.1451
8.2	48.7254
8.22	55.4506
8.24	63.6528
8.26	73.7915
8.28	86.5169
8.3	102.771
8.32	123.965
8.34	152.316
8.36	191.618
8.38	249.056
8.4	338.968
8.42	488.338
8.44	739.905
8.46	1142.98
8.48	1705.78
8.5	2238.09
8.52	2276.81
8.54	1777.09
8.56	1201.66
8.58	778.487
8.6	511.587
8.62	352.727
8.64	257.538
8.66	197.224
8.68	156.261
8.7	126.865
8.72	104.968
8.74	88.2187
8.76	75.1352
8.78	64.7313
8.8	56.3287
8.82	49.4495
8.84	43.749
8.86	38.9742
8.88	34.9362
8.9	31.4915
8.92	28.5301
8.94	25.9658
8.96	23.7309
8.98	21.7717
9	20.0447
9.02	18.5147
9.04	17.1529
9.06	15.9356
9.08	14.8432
9.1	13.8591
9.12	12.9695
9.14	12.1627
9.16	11.4288
9.18	10.7592
9.2	10.1468
9.22	9.58503
9.24	9.06863
9.26	8.5928
9.28	8.15341
9.3	7.74684
9.32	7.3699
9.34	7.01979
9.36	6.69402
9.38	6.39039
9.4	6.10693
9.42	5.84191
9.44	5.59375
9.46	5.36107
9.48	5.14259
9.5	4.93719
9.52	4.74385
9.54	4.56163
9.56	4.38971
9.58	4.22732
9.6	4.07378
9.62	3.92844
9.64	3.79074
9.66	3.66015
9.68	3.53619
9.7	3.41842
9.72	3.30643
9.74	3.19985
9.76	3.09834
9.78	3.00159
9.8	2.90929
9.82	2.82119
9.84	2.73702
9.86	2.65657
9.88	2.57961
9.9	2.50594
9.92	2.43539
9.94	2.36777
9.96	2.30292
9.98	2.24071
10	0
10.02	0
10.04	0
10.06	0
10.08	0
10.1	0
10.12	0
10.14	0
10.16	0
10.18	0
10.2	0
10.22	0
10.24	0
10.26	0
10.28	0
10.3	0
10.32	0
10.34	0
10.36	0
10.38	0
10.4	0
10.42	0
10.44	0
10.46	0
10.48	0
10.5	0
10.52	0.536059
10.54	0.550914
10.56	0.566395
10.58	0.582538
10.6	0.59938
10.62	0.616964
10.64	0.635332
10.66	0.654532
10.68	0.674616
10.7	0.695638
10.72	0.717658
10.74	0.740739
10.76	0.764951
10.78	0.79037
10.8	5.4917
10.82	5.64977
10.84	5.8148
10.86	5.98723
10.88	6.16749
10.9	6.35607
10.92	6.55351
10.94	6.76036
10.96	6.97724
10.98	7.20482
11	7.44381
11.02	7.69501
11.04	7.95926
11.06	8.23751
11.08	8.53076
11.1	8.84013
11.12	9.16683
11.14	9.51222
11.16	9.87775
11.18	10.2651
11.2	10.6759
11.22	11.1124
11.24	11.5766
11.26	12.071
11.28	12.5983
11.3	13.1617
11.32	13.7644
11.34	15.2793
11.36	15.9976
11.38	16.7696
11.4	17.601
11.42	18.4982
11.44	19.4687
11.46	20.5211
11.48	21.6652
11.5	22.9127
11.52	24.2771
11.54	25.7743
11.56	27.4233
11.58	29.2468
11.6	31.2721
11.62	33.5326
11.64	36.0695
11.66	38.9341
11.68	42.1911
11.7	45.9239
11.72	50.3303
11.74	55.3791
11.76	61.3539
11.78	68.5297
11.8	77.3032
11.82	88.2764
11.84	102.44
11.86	121.609
11.88	149.315
11.9	192.138
11.92	260.496
11.94	366.572
11.96	513.274
11.98	657.205
12	688.231
12.02	592.329
12.04	481.697
12.06	415.097
12.08	397.381
12.1	422.194
12.12	487.835
12.14	604.724
12.16	803.753
12.18	1146.41
12.2	1726.85
12.22	2641.61
12.24	3854.55
12.26	4816.89
12.28	4590.36
12.3	3434
12.32	2290.54
12.34	1489.07
12.36	993.273
12.38	699.554
12.4	522.274
12.42	408.627
12.44	330.91
12.46	275.457
12.48	234.531
12.5	204.038
12.52	181.309
12.54	164.66
12.56	153.075
12.58	146.052
12.6	143.57
12.62	146.197
12.64	155.466
12.66	174.84
12.68	211.478
12.7	278.153
12.72	392.813
12.74	570.305
12.76	788.425
12.78	915.856
12.8	813.148
12.82	591.163
12.84	398.308
12.86	268.486
12.88	189.061
12.9	141.566
12.92	112.141
12.94	92.6816
12.96	79.0472
12.98	69.1743
13	61.9811
13.02	56.8954
13.04	53.7064
13.06	52.5981
13.08	54.3052
13.1	60.2382
13.12	72.2279
13.14	91.0557
13.16	111.188
13.18	115.281
13.2	96.6353
13.22	72.3239
13.24	53.4632
13.26	41.0558
13.28	33.3116
13.3	28.4038
13.32	25.0929
13.34	22.6915
13.36	20.8511
13.38	19.3899
13.4	18.2036
13.42	17.2267
13.44	16.416
13.46	15.7421
13.48	14.6615
13.5	14.2233
13.52	13.8813
13.54	13.6326
13.56	13.478
13.58	13.4225
13.6	13.476
13.62	13.6542
13.64	13.9806
13.66	14.4896
13.68	15.2309
13.7	16.2782
13.72	17.7421
13.74	15.1628
13.76	18.2216
13.78	22.7027
13.8	29.6928
13.82	41.2797
13.84	60.906
13.86	92.8711
13.88	139.185
13.9	188.138
13.92	201.781
13.94	164.447
13.96	113.595
13.98	74.3007
14	49.023
14.02	33.8812
14.04	24.8373
14.06	19.1629
14.08	15.3433
14.1	12.6156
14.12	10.5869
14.14	9.03447
14.16	7.8196
14.18	6.85078
14.2	6.06539
14.22	5.41943
14.24	4.03261
14.26	3.60195
14.28	3.23782
14.3	2.9272
14.32	2.66012
14.34	3.18952
14.36	3.00896
14.38	2.85408
14.4	2.72104
14.42	2.60672
14.44	2.5086
14.46	2.42461
14.48	4.13261
14.5	4.12196
14.52	4.1233
14.54	4.13581
14.56	4.15882
14.58	4.19181
14.6	4.23439
14.62	4.28629
14.64	4.25949
14.66	4.33191
14.68	4.41327
14.7	4.50365
14.72	4.60319
14.74	4.71211
14.76	4.8307
14.78	4.95932
14.8	5.09841
14.82	5.24848
14.84	5.41012
14.86	5.58402
14.88	5.77096
14.9	5.97182
14.92	6.18761
14.94	6.41944
14.96	6.6686
14.98	6.93651
15	7.22481
15.02	7.53532
15.04	7.87012
15.06	8.23157
15.08	8.62235
15.1	9.07688
15.12	9.53688
15.14	10.0369
15.16	10.5817
15.18	11.1767
15.2	11.8283
15.22	12.5443
15.24	13.3337
15.26	14.2077
15.28	15.18
15.3	16.2678
15.32	17.4936
15.34	19.0746
15.36	20.6917
15.38	22.4103
15.4	24.7549
15.42	27.7213
15.44	31.5341
15.46	36.2651
15.48	41.2423
15.5	44.8684
15.52	47.2306
15.54	50.1852
15.56	54.7302
15.58	61.1676
15.6	70.0321
15.62	81.2389
15.64	95.919
15.66	115.606
15.68	143.174
15.7	184.204
15.72	249.532
15.74	353.834
15.76	515.79
15.78	738.191
15.8	952.987
15.82	1011.85
15.84	937.398
15.86	917.986
15.88	1061.67
15.9	1388.07
15.92	1786.02
15.94	1906.06
15.96	1567.38
15.98	1092.17
16	719.777
16.02	477.937
16.04	331.7
16.06	243.698
16.08	188.135
16.1	150.563
16.12	123.651
16.14	103.602
16.16	88.2595
16.18	76.2784
16.2	66.767
16.22	59.1145
16.24	52.8914
16.26	47.7904
16.28	43.5886
16.3	40.1237
16.32	37.2784
16.34	34.9713
16.36	33.1527
16.38	31.807
16.4	30.9673
16.42	30.7537
16.44	31.4398
16.46	33.5149
16.48	37.6355
16.5	44.2295
16.52	51.9751
16.54	55.4325
16.56	50.9411
16.58	44.3325
16.6	39.0969
16.62	36.6198
16.64	36.5415
16.66	38.5499
16.68	42.8184
16.7	50.3395
16.72	63.3135
16.74	85.3158
16.76	120.407
16.78	168.847
16.8	213.444
16.82	215.68
16.84	175.402
16.86	131.37
16.88	101.301
16.9	85.4101
16.92	80.2709
16.94	83.3928
16.96	94.6192
16.98	122.165
17	160.702
17.02	222.589
17.04	310.125
17.06	401.212
17.08	445.81
17.1	457.391
17.12	505.985
17.14	609.305
17.16	689.297
17.18	626.199
17.2	464.479
17.22	315.934
17.24	213.629
17.26	150.289
17.28	112.295
17.3	88.1557
17.32	72.871
17.34	62.2367
17.36	54.5299
17.38	48.8028
17.4	42.7241
17.42	39.491
17.44	37.0448
17.46	35.2126
17.48	33.8729
17.5	32.9391
17.52	32.3498
17.54	32.0618
17.56	32.0456
17.58	32.2831
17.6	32.7653
17.62	33.4919
17.64	34.4704
17.66	35.7175
17.68	37.2594
17.7	39.1343
17.72	41.396
17.74	44.1184
17.76	47.4039
17.78	51.3957
17.8	56.2973
17.82	62.4055
17.84	73.6429
17.86	83.883
17.88	97.794
17.9	117.885
17.92	149.073
17.94	199.98
17.96	282.663
17.98	407.192
18	559.253
18.02	652.354
18.04	593.203
18.06	454.66
18.08	336.073
18.1	260.656
18.12	220.453
18.14	203.643
18.16	201.592
18.18	209.706
18.2	226.343
18.22	251.704
18.24	287.345
18.26	336.277
18.28	403.658
18.3	498.422
18.32	638.56
18.34	858.622
18.36	1224.92
18.38	1848.57
18.4	2840.24
18.42	4229.82
18.44	5558.97
18.46	5685.59
18.48	4472
18.5	3060.03
18.52	2020.23
18.54	1355.88
18.56	949.272
18.58	701.486
18.6	543.639
18.62	435.873
18.64	358.337
18.66	302.202
18.68	260.806
18.7	230.308
18.72	208.218
18.74	192.36
18.76	179.311
18.78	165.605
18.8	152.297
18.82	141.613
18.84	133.914
18.86	128.782
18.88	125.754
18.9	124.512
18.92	124.896
18.94	126.886
18.96	130.562
18.98	136.106
19	143.814
19.02	154.125
19.04	167.678
19.06	185.402
19.08	208.662
19.1	239.515
19.12	281.194
19.14	339.204
19.16	423.909
19.18	555.99
19.2	774.7
19.22	1143.23
19.24	1736.94
19.26	2578.27
19.28	3412.66
19.3	3546.81
19.32	2828.75
19.34	1949.76
19.36	1292.88
19.38	877.755
19.4	632.893
19.42	489.711
19.44	402.982
19.46	348.218
19.48	312.755
19.5	291.699
19.52	281.32
19.54	280.039
19.56	287.336
19.58	303.586
19.6	330.11
19.62	369.457
19.64	426.064
19.66	507.661
19.68	628.246
19.7	814.139
19.72	1114.14
19.74	1607.52
19.76	2391.92
19.78	3553.74
19.8	5019.2
19.82	6031.61
19.84	5524.14
19.86	4042.49
19.88	2679.83
19.9	1746.74
19.92	1174.23
19.94	829.246
19.96	622.495
19.98	488.695
20	396.645
20.02	331.395
20.04	285.369
20.06	253.882
20.08	231.753
20.1	209.744
20.12	182.417
20.14	155.492
20.16	133.476
20.18	116.382
20.2	103.089
20.22	92.4734
20.24	83.7105
20.26	76.3178
20.28	69.9631
20.3	64.4366
20.32	59.5885
20.34	55.3053
20.36	51.4985
20.38	48.0972
20.4	45.0441
20.42	42.2922
20.44	39.8026
20.46	37.5425
20.48	35.4847
20.5	33.7189
20.52	32.0021
20.54	30.4273
20.56	29.1419
20.58	27.8139
20.6	28.9015
20.62	27.8359
20.64	26.8591
20.66	27.5013
20.68	26.725
20.7	26.0207
20.72	25.3838
20.74	24.8106
20.76	24.2976
20.78	20.5286
20.8	20.2162
20.82	19.9544
20.84	19.7423
20.86	19.5795
20.88	19.4663
20.9	19.4697
20.92	19.4602
20.94	19.5046
20.96	19.6058
20.98	19.768
21	19.9965
21.02	20.2983
21.04	20.6823
21.06	21.1602
21.08	21.7474
21.1	22.4639
21.12	23.3368
21.14	24.4023
21.16	25.7362
21.18	27.3599
21.2	29.4016
21.22	31.8688
21.24	35.3222
21.26	40.0617
21.28	46.9369
21.3	51.859
21.32	68.9084
21.34	95.8798
21.36	135.27
21.38	182.342
21.4	224.816
21.42	244.981
21.44	219.258
21.46	167.213
21.48	122.523
21.5	94.1363
21.52	79.6317
21.54	75.3446
21.56	78.5822
21.58	86.6022
21.6	92.688
21.62	89.6812
21.64	81.8948
21.66	76.228
21.68	74.4323
21.7	76.0574
21.72	80.4097
21.74	87.0743
21.76	95.9992
21.78	107.453
21.8	122
21.82	140.556
21.84	164.576
21.86	196.452
21.88	240.181
21.9	302.395
21.92	392.716
21.94	524.287
21.96	708.764
21.98	956.389
22	1305.29
22.02	1823.35
22.04	2571.86
22.06	3400.16
22.08	3778.03
22.1	3416.77
22.12	2586.41
22.14	1754.97
22.16	1156.17
22.18	779.61
22.2	553.271
22.22	415.781
22.24	328.764
22.26	272.074
22.28	236.208
22.3	216.382
22.32	207.081
22.34	195.475
22.36	170.345
22.38	140.198
22.4	115.094
22.42	96.6906
22.44	83.5704
22.46	74.0799
22.48	67.0397
22.5	61.8242
22.52	58.2659
22.54	56.5488
22.56	58.5296
22.58	61.4266
22.6	65.0401
22.62	64.405
22.64	57.5733
22.66	49.5351
22.68	43.0452
22.7	38.5522
22.72	35.5321
22.74	33.4537
22.76	31.9548
22.78	30.8321
22.8	29.9802
22.82	29.3432
22.84	28.8331
22.86	28.5424
22.88	28.4014
22.9	28.2293
22.92	28.4281
22.94	28.7239
22.96	29.1691
22.98	29.7726
23	30.5475
23.02	31.5115
23.04	32.688
23.06	34.1073
23.08	35.7716
23.1	37.8088
23.12	40.2518
23.14	43.1879
23.16	46.7475
23.18	51.1137
23.2	56.5661
23.22	63.9205
23.24	73.3489
23.26	86.7367
23.28	106.566
23.3	135.953
23.32	176.649
23.34	221.715
23.36	247.996
23.38	247.997
23.4	248.718
23.42	271.207
23.44	327.688
23.46	436.469
23.48	630.17
23.5	952.578
23.52	1428.95
23.54	1956.45
23.56	2147.6
23.58	1790.07
23.6	1251.7
23.62	824.871
23.64	548.574
23.66	383.806
23.68	287.32
23.7	229.076
23.72	192.156
23.74	168.252
23.76	153.264
23.78	145.137
23.8	142.873
23.82	146.479
23.84	156.574
23.86	176.222
23.88	206.916
23.9	258.138
23.92	345.943
23.94	496.655
23.96	742.575
23.98	1096.6
24	1462.21
24.02	1551.25
24.04	1274.83
24.06	925.008
24.08	679.776
24.1	543.645
24.12	452.356
24.14	354.847
24.16	264.347
24.18	197.317
24.2	152.306
24.22	122.939
24.24	103.9
24.26	91.7981
24.28	85.109
24.3	83.5825
24.32	87.5014
24.34	94.9829
24.36	98.7655
24.38	90.7505
24.4	76.7104
24.42	64.9472
24.44	57.458
24.46	53.6511
24.48	52.6826
24.5	54.0904
24.52	57.925
24.54	64.7539
24.56	75.8003
24.58	94.3209
24.6	125.903
24.62	178.843
24.64	257.721
24.66	345.733
24.68	379.109
24.7	320.076
24.72	230.171
24.74	158.813
24.76	112.863
24.78	85.9102
24.8	70.7888
24.82	62.4517
24.84	58.5699
24.86	58.1105
24.88	61.3687
24.9	70.0324
24.92	85.4586
24.94	109.396
24.96	137.49
24.98	151.458
25	138.491
25.02	114.282
25.04	99.3767
25.06	95.3604
25.08	102.214
25.1	118.709
25.12	143.02
25.14	167.162
25.16	184.898
25.18	209.425
25.2	261.532
25.22	362.84
25.24	538.786
25.26	806.372
25.28	1117.93
25.3	1263.2
25.32	1079.77
25.34	763.21
25.36	502.912
25.38	331.732
25.4	228.576
25.42	167.598
25.44	130.396
25.46	106.09
25.48	89.4967
25.5	76.5536
25.52	68.7503
25.54	63.9787
25.56	62.1518
25.58	63.6311
25.6	70.0574
25.62	82.9933
25.64	103.433
25.66	127.093
25.68	141.574
25.7	147.318
25.72	161.153
25.74	185.561
25.76	196.141
25.78	170.047
25.8	128.491
25.82	94.8901
25.84	73.6131
25.86	62.0326
25.88	57.0772
25.9	56.8163
25.92	60.791
25.94	70.2934
25.96	88.2452
25.98	120.209
26	172.62
26.02	246.7
26.04	317.867
26.06	324.852
26.08	260.116
26.1	184.904
26.12	130.226
26.14	96.6509
26.16	78.7128
26.18	70.4754
26.2	68.6361
26.22	72.1296
26.24	81.9218
26.26	101.304
26.28	136.264
26.3	194.452
26.32	279.394
26.34	369.668
26.36	396.829
26.38	334.262
26.4	250.881
26.42	193.342
26.44	169.634
26.46	179.363
26.48	223.295
26.5	300.462
26.52	387.004
26.54	411.944
26.56	341.864
26.58	244.422
26.6	169.535
26.62	123.062
26.64	99.0053
26.66	90.7652
26.68	93.0712
26.7	98.1503
26.72	94.1927
26.74	81.2183
26.76	68.8142
26.78	65.1351
26.8	71.1101
26.82	88.7629
26.84	119.176
26.86	155.325
26.88	170.287
26.9	145.123
26.92	104.982
26.94	72.4363
26.96	51.058
26.98	38.1396
27	30.5047
27.02	25.9146
27.04	23.137
27.06	21.6307
27.08	21.2898
27.1	22.3437
27.12	25.2982
27.14	30.7022
27.16	38.1629
27.18	44.1673
27.2	42.7946
27.22	35.976
27.24	30.0284
27.26	26.9723
27.28	26.9544
27.3	30.1539
27.32	37.6176
27.34	51.5212
27.36	74.5639
27.38	107.057
27.4	137.971
27.42	139.413
27.44	109.771
27.46	76.1055
27.48	51.4603
27.5	35.9451
27.52	26.7425
27.54	20.9821
27.56	17.582
27.58	15.3496
27.6	13.8389
27.62	12.8208
27.64	12.1682
27.66	11.8075
27.68	11.6996
27.7	11.8315
27.72	12.2174
27.74	12.909
27.76	14.0157
27.78	15.7211
27.8	18.2648
27.82	21.4591
27.84	25.6041
27.86	28.8588
27.88	30.8852
27.9	33.8451
27.92	39.7835
27.94	50.7015
27.96	69.8698
27.98	102.342
28	153.182
28.02	221.592
28.04	282.058
28.06	296.603
28.08	256.313
28.1	187.284
28.12	126.212
28.14	84.7851
28.16	59.531
28.18	44.7239
28.2	36.0231
28.22	31.0812
28.24	28.8014
28.26	29.1467
28.28	32.4177
28.3	39.1979
28.32	48.8288
28.34	56.5043
28.36	54.1169
28.38	43.086
28.4	32.0853
28.42	24.3695
28.44	19.6831
28.46	17.071
28.48	15.7381
28.5	15.2041
28.52	15.2431
28.54	15.7917
28.56	16.9014
28.58	18.7324
28.6	21.543
28.62	25.6107
28.64	30.8922
28.66	36.2368
28.68	40.6304
28.7	46.0632
28.72	55.8678
28.74	73.774
28.76	105.522
28.78	159.139
28.8	241.358
28.82	342.363
28.84	403.052
28.86	359.902
28.88	262.833
28.9	178.987
28.92	122.203
28.94	84.9294
28.96	60.6735
28.98	45.0987
29	34.8741
29.02	27.8952
29.04	22.9404
29.06	19.2944
29.08	16.5852
29.1	14.4437
29.12	12.7561
29.14	11.4107
29.16	10.3304
29.18	9.4606
29.2	8.76263
29.22	8.20907
29.24	7.78125
29.26	7.46761
29.28	7.263
29.3	7.16883
29.32	7.18571
29.34	7.35021
29.36	7.68941
29.38	8.26961
29.4	9.22097
29.42	10.8024
29.44	13.4847
29.46	17.9714
29.48	24.9797
29.5	34.0964
29.52	41.6404
29.54	40.8761
29.56	33.8531
29.58	27.9407
29.6	25.8983
29.62	28.566
29.64	36.8325
29.66	51.6262
29.68	71.3931
29.7	85.4364
29.72	79.0004
29.74	59.3025
29.76	41.4451
29.78	30.016
29.8	24.4397
29.82	23.1929
29.84	24.1644
29.86	23.8441
29.88	20.0011
29.9	15.0506
29.92	11.1289
29.94	8.50122
29.96	6.84141
29.98	5.80937
30	5.1775
30.02	4.8402
30.04	4.77833
30.06	5.00899
30.08	5.48849
30.1	5.87955
30.12	5.60308
30.14	4.81631
30.16	4.06795
30.18	3.55529
30.2	3.25753
30.22	3.11465
30.24	3.07907
30.26	3.12512
30.28	3.24531
30.3	3.06548
30.32	3.39499
30.34	3.82462
30.36	4.4247
30.38	5.26451
30.4	6.55818
30.42	8.53123
30.44	11.8087
30.46	17.3585
30.48	26.3716
30.5	39.3488
30.52	52.8186
30.54	56.1093
30.56	45.4568
30.58	31.4275
30.6	20.6991
30.62	13.8402
30.64	9.75584
30.66	7.34089
30.68	5.85116
30.7	4.87821
30.72	4.33062
30.74	3.88591
30.76	3.59913
30.78	3.44258
30.8	3.845
30.82	3.9514
30.84	4.22582
30.86	4.74813
30.88	5.69625
30.9	7.37368
30.92	10.1828
30.94	14.3847
30.96	19.1738
30.98	21.2334
31	18.2785
31.02	13.5479
31.04	9.78141
31.06	7.3705
31.08	5.92689
31.1	5.12035
31.12	4.72384
31.14	4.64217
31.16	4.86898
31.18	5.13697
31.2	5.57625
31.22	6.28128
31.24	7.57058
31.26	9.72232
31.28	12.7538
31.3	16.3483
31.32	18.7935
31.34	17.9308
31.36	15.0787
31.38	12.2322
31.4	9.76235
31.42	7.8374
31.44	6.59091
31.46	5.89033
31.48	5.55665
31.5	5.46388
31.52	5.54029
31.54	5.75317
31.56	6.09595
31.58	6.5789
31.6	7.24141
31.62	8.14708
31.64	9.42617
31.66	11.3328
31.68	14.3183
31.7	19.0456
31.72	26.1833
31.74	35.6125
31.76	43.5372
31.78	45.407
31.8	44.5359
31.82	46.792
31.84	51.775
31.86	52.375
31.88	45.3033
31.9	36.9619
31.92	31.675
31.94	29.8825
31.96	31.103
31.98	34.6631
32	38.8314
32.02	41.858
32.04	44.4323
32.06	48.864
32.08	57.5393
32.1	72.92
32.12	99.047
32.14	142.335
32.16	210.108
32.18	302.007
32.2	400.753
32.22	485.417
32.24	502.581
32.26	412.714
32.28	288.957
32.3	191.654
32.32	128.014
32.34	89.3666
32.36	66.2269
32.38	51.9237
32.4	42.6426
32.42	36.4542
32.44	32.4105
32.46	30.1636
32.48	29.7083
32.5	31.4633
32.52	36.2592
32.54	45.0451
32.56	57.4125
32.58	70.5217
32.6	81.1655
32.62	82.1187
32.64	70.8754
32.66	58.2804
32.68	49.6438
32.7	41.9869
32.72	33.3531
32.74	25.474
32.76	19.6965
32.78	15.8672
32.8	13.4318
32.82	11.8756
32.84	10.8672
32.86	10.2198
32.88	9.84044
32.9	9.67988
32.92	9.71998
32.94	9.96286
32.96	10.4294
32.98	11.1626
33	12.2354
33.02	13.7688
33.04	15.9714
33.06	19.2359
33.08	24.3548
33.1	32.8243
33.12	47.1533
33.14	70.4858
33.16	104.364
33.18	140.517
33.2	151.433
33.22	124.989
33.24	88.2884
33.26	60.2252
33.28	42.4781
33.3	32.4675
33.32	27.3633
33.34	25.4946
33.36	26.1792
33.38	29.6155
33.4	36.5519
33.42	47.5295
33.44	61.9903
33.46	80.2787
33.48	99.8792
33.5	104.992
33.52	87.2574
33.54	63.3574
33.56	45.427
33.58	34.9905
33.6	30.7554
33.62	31.5988
33.64	36.9861
33.66	45.7074
33.68	53.6517
33.7	55.6254
33.72	50.6793
33.74	43.8441
33.76	40.7516
33.78	40.6273
33.8	37.7801
33.82	30.3001
33.84	22.5996
33.86	17.1441
33.88	14.0329
33.9	12.7956
33.92	13.2045
33.94	15.366
33.96	19.3227
33.98	23.9101
34	25.2576
34.02	21.3184
34.04	15.7525
34.06	11.3481
34.08	8.42052
34.1	6.66977
34.12	5.66134
34.14	4.99666
34.16	4.54846
34.18	4.25207
34.2	4.06799
34.22	3.96991
34.24	3.95101
34.26	3.96576
34.28	3.99348
34.3	4.04384
34.32	4.14747
34.34	4.3197
34.36	4.58661
34.38	4.93042
34.4	5.39582
34.42	6.03815
34.44	6.95885
34.46	8.32003
34.48	10.3241
34.5	13.0833
34.52	16.1484
34.54	18.0874
34.56	18.611
34.58	19.4585
34.6	22.1127
34.62	27.6909
34.64	37.995
34.66	55.7976
34.68	84.74
34.7	124.896
34.72	162.118
34.74	163.683
34.76	127.617
34.78	86.8421
34.8	57.0506
34.82	38.3747
34.84	27.4129
34.86	20.9447
34.88	17.0337
34.9	14.5946
34.92	13.3369
34.94	12.9435
34.96	13.5654
34.98	15.5957
35	18.8234
35.02	21.6384
35.04	21.0133
35.06	17.3743
35.08	13.7888
35.1	11.3618
35.12	10.2717
35.14	9.84882
35.16	10.0559
35.18	10.8425
35.2	12.3901
35.22	15.0761
35.24	19.6975
35.26	27.4395
35.28	39.5207
35.3	55.9326
35.32	69.3811
35.34	71.818
35.36	63.2481
35.38	49.2683
35.4	37.3779
35.42	30.7179
35.44	29.0847
35.46	31.3873
35.48	35.4352
35.5	37.7015
35.52	38.8932
35.54	43.5864
35.56	53.5185
35.58	64.1971
35.6	64.4226
35.62	53.0272
35.64	40.7012
35.66	33.3431
35.68	30.3628
35.7	29.5192
35.72	27.8374
35.74	25.6301
35.76	25.1721
35.78	26.9107
35.8	28.6296
35.82	26.9611
35.84	22.7589
35.86	19.1766
35.88	17.2652
35.9	17.0728
35.92	18.6648
35.94	22.3833
35.96	28.6439
35.98	36.8285
36	42.6811
36.02	40.615
36.04	33.7034
36.06	27.7783
36.08	24.567
36.1	23.9229
36.12	25.5721
36.14	29.243
36.16	34.7431
36.18	41.5118
36.2	49.9036
36.22	59.2987
36.24	70.0344
36.26	84.6908
36.28	101.258
36.3	112.703
36.32	120.847
36.34	131.894
36.36	151.86
36.38	175.067
36.4	175.974
36.42	150.491
36.44	125.129
36.46	114.805
36.48	122.323
36.5	146.403
36.52	181.081
36.54	220.103
36.56	259.685
36.58	273.078
36.6	241.654
36.62	201.179
36.64	183.059
36.66	197.806
36.68	250.977
36.7	344.419
36.72	458.96
36.74	516.865
36.76	449.251
36.78	325.886
36.8	223.913
36.82	158.247
36.84	120.047
36.86	96.8193
36.88	80.9619
36.9	70.8336
36.92	65.8134
36.94	65.3932
36.96	69.7018
36.98	80.1785
37	100.575
37.02	136.781
37.04	194.721
37.06	271.593
37.08	342.299
37.1	368.057
37.12	323.005
37.14	244.126
37.16	176.986
37.18	130.608
37.2	101.987
37.22	89.002
37.24	89.196
37.26	98.7645
37.28	107.555
37.3	100.396
37.32	80.7089
37.34	62.5625
37.36	50.9778
37.38	45.5464
37.4	44.5895
37.42	46.5676
37.44	50.747
37.46	54.8362
37.48	56.7415
37.5	60.5317
37.52	70.7875
37.54	87.2716
37.56	101.644
37.58	105.421
37.6	108.612
37.62	122.892
37.64	143.77
37.66	148.322
37.68	126.418
37.7	97.6998
37.72	73.111
37.74	53.3739
37.76	39.6139
37.78	30.9149
37.8	25.5194
37.82	22.2327
37.84	20.3037
37.86	19.3845
37.88	19.2342
37.9	20.0579
37.92	21.5789
37.94	23.7629
37.96	26.6334
37.98	29.9063
38	33.3813
38.02	37.3487
38.04	42.7339
38.06	48.9343
38.08	52.0123
38.1	48.9062
38.12	42.7816
38.14	39.6587
38.16	41.6482
38.18	47.4646
38.2	51.6515
38.22	48.7116
38.24	41.0347
38.26	34.5862
38.28	31.0274
38.3	29.8651
38.32	30.2075
38.34	31.7051
38.36	34.4879
38.38	38.7658
38.4	44.9545
38.42	53.8499
38.44	67.0128
38.46	86.6451
38.48	116.542
38.5	161.303
38.52	226.402
38.54	314.624
38.56	421.496
38.58	549.475
38.6	662.977
38.62	649.474
38.64	511.768
38.66	370.481
38.68	274.773
38.7	211.241
38.72	159.402
38.74	117.915
38.76	88.6024
38.78	69.2971
38.8	56.8499
38.82	49.0597
38.84	44.5378
38.86	42.7653
38.88	43.5795
38.9	46.4889
38.92	49.1332
38.94	48.5157
38.96	46.5309
38.98	47.0309
39	51.922
39.02	61.5547
39.04	75.0961
39.06	88.8508
39.08	104.424
39.1	132.786
39.12	181.85
39.14	244.986
39.16	280.923
39.18	247.891
39.2	180.445
39.22	122.703
39.24	84.2776
39.26	61.1752
39.28	47.8256
39.3	40.0878
39.32	35.5789
39.34	33.1289
39.36	32.25
39.38	32.7617
39.4	34.6745
39.42	38.3707
39.44	44.6459
39.46	55.1074
39.48	72.7799
39.5	102.341
39.52	149.314
39.54	215.986
39.56	285.835
39.58	316.609
39.6	289.711
39.62	223.85
39.64	156.038
39.66	107.209
39.68	77.3156
39.7	60.8804
39.72	52.9948
39.74	50.0233
39.76	48.4453
39.78	46.6095
39.8	46.8933
39.82	52.2606
39.84	65.2344
39.86	87.901
39.88	119.202
39.9	145.942
39.92	143.895
39.94	118.53
39.96	94.4977
39.98	80.0961
40	73.9437
40.02	68.7894
40.04	57.8716
40.06	45.1783
40.08	35.7844
40.1	29.9109
40.12	28.0125
40.14	28.5056
40.16	30.5686
40.18	34.9476
40.2	42.7054
40.22	52.3446
40.24	59.5881
40.26	61.145
40.28	54.8806
40.3	44.5557
40.32	36.1459
40.34	32.1445
40.36	33.0874
40.38	39.6581
40.4	53.0504
40.42	73.4912
40.44	94.3909
40.46	97.8859
40.48	79.566
40.5	56.8433
40.52	39.9783
40.54	29.7
40.56	24.3056
40.58	22.3351
40.6	23.1655
40.62	26.6624
40.64	33.6082
40.66	42.505
40.68	48.1846
40.7	45.5301
40.72	38.5625
40.74	34.1183
40.76	35.1038
40.78	42.6039
40.8	56.6829
40.82	73.3439
40.84	81.0717
40.86	71.3872
40.88	52.4711
40.9	35.8145
40.92	24.5121
40.94	17.5799
40.96	13.4209
40.98	10.8828
41	9.28401
41.02	8.3331
41.04	7.93904
41.06	7.69802
41.08	8.29879
41.1	9.13121
41.12	9.27988
41.14	8.28264
41.16	7.04591
41.18	6.36526
41.2	6.23691
41.22	6.6757
41.24	7.3625
41.26	7.43589
41.28	6.52409
41.3	5.37371
41.32	4.50922
41.34	3.94769
41.36	3.61868
41.38	3.31627
41.4	3.22923
41.42	3.20101
41.44	3.20819
41.46	3.26018
41.48	3.30992
41.5	3.43012
41.52	3.58543
41.54	3.79717
41.56	4.05322
41.58	4.34272
41.6	4.75535
41.62	5.17795
41.64	5.69754
41.66	6.33487
41.68	7.12459
41.7	8.09761
41.72	9.33705
41.74	10.9704
41.76	13.1591
41.78	16.1751
41.8	20.5536
41.82	27.3408
41.84	38.4964
41.86	57.1433
41.88	86.9166
41.9	128.484
41.92	169.827
41.94	180.386
41.96	148.146
41.98	103.613
42	69.0647
42.02	47.0258
42.04	34.1258
42.06	26.9613
42.08	23.3991
42.1	22.4478
42.12	23.77
42.14	26.9697
42.16	30.2391
42.18	29.6603
42.2	25.2198
42.22	20.7597
42.24	18.0665
42.26	17.2961
42.28	18.2726
42.3	21.0355
42.32	25.688
42.34	32.9362
42.36	42.958
42.38	52.8453
42.4	58.1501
42.42	62.7345
42.44	73.1235
42.46	86.4522
42.48	92.8002
42.5	84.3527
42.52	69.284
42.54	59.9761
42.56	61.0298
42.58	72.4922
42.6	89.2864
42.62	95.82
42.64	81.5502
42.66	59.933
42.68	43.0713
42.7	33.0523
42.72	28.7405
42.74	28.6418
42.76	30.7274
42.78	31.1368
42.8	27.6192
42.82	22.9444
42.84	19.4825
42.86	17.8514
42.88	18.0707
42.9	20.2943
42.92	25.1133
42.94	33.5285
42.96	46.1919
42.98	61.2437
43	74.798
43.02	85.2667
43.04	86.7643
43.06	72.6189
43.08	52.2923
43.1	35.7549
43.12	24.8484
43.14	18.1518
43.16	14.1169
43.18	11.5998
43.2	9.93862
43.22	8.78987
43.24	7.97618
43.26	7.39892
43.28	6.99871
43.3	6.73823
43.32	6.59426
43.34	6.55342
43.36	6.6118
43.38	6.74615
43.4	6.85858
43.42	7.27979
43.44	7.90598
43.46	8.71557
43.48	9.88582
43.5	11.6276
43.52	14.2195
43.54	17.858
43.56	22.2861
43.58	27.0272
43.6	31.2369
43.62	33.914
43.64	34.5008
43.66	34.7425
43.68	37.6454
43.7	44.2448
43.72	52.3183
43.74	57.2546
43.76	60.1941
43.78	68.3359
43.8	88.0433
43.82	125.325
43.84	184.946
43.86	260.581
43.88	312.056
43.9	288.885
43.92	222.092
43.94	164.823
43.96	129.878
43.98	108.984
44	90.6223
44.02	71.8319
44.04	55.0217
44.06	41.8032
44.08	32.6668
44.1	27.0887
44.12	24.1519
44.14	23.3052
44.16	24.3146
44.18	26.5901
44.2	28.2219
44.22	27.9608
44.24	28.0322
44.26	30.2197
44.28	32.8334
44.3	31.6435
44.32	26.821
44.34	22.36
44.36	20.0594
44.38	20.1434
44.4	22.5522
44.42	26.9298
44.44	31.9053
44.46	36.6791
44.48	42.1747
44.5	46.2886
44.52	47.1814
44.54	48.9402
44.56	55.3088
44.58	62.8385
44.6	61.1472
44.62	49.196
44.64	36.555
44.66	27.7193
44.68	22.6379
44.7	20.2963
44.72	19.9255
44.74	21.0514
44.76	23.8617
44.78	28.9844
44.8	37.4808
44.82	50.729
44.84	70.0184
44.86	93.6295
44.88	109.951
44.9	105.712
44.92	90.5815
44.94	81.306
44.96	85.5121
44.98	104.874
45	134.518
45.02	155.288
45.04	146.952
45.06	118.644
45.08	92.5162
45.1	78.7151
45.12	76.1605
45.14	76.0843
45.16	67.9346
45.18	54.6858
45.2	44.2647
45.22	39.2064
45.24	39.9576
45.26	47.3142
45.28	62.8945
45.3	87.5714
45.32	115.016
45.34	123.977
45.36	103.33
45.38	74.2949
45.4	51.5098
45.42	36.2736
45.44	26.6855
45.46	20.9713
45.48	17.7685
45.5	16.4467
45.52	16.8703
45.54	19.204
45.56	23.3582
45.58	27.4553
45.6	27.1413
45.62	21.9382
45.64	16.1429
45.66	11.8356
45.68	9.05905
45.7	7.34126
45.72	6.27974
45.74	5.59959
45.76	5.10449
45.78	4.73442
45.8	4.48773
45.82	4.32495
45.84	4.23524
45.86	4.21487
45.88	4.27451
45.9	4.39719
45.92	4.62627
45.94	4.9752
45.96	5.46167
45.98	6.21204
46	7.3541
46.02	9.0736
46.04	11.4605
46.06	14.2306
46.08	17.1098
46.1	21.5274
46.12	29.4785
46.14	41.904
46.16	55.8517
46.18	60.8054
46.2	51.0523
46.22	36.4918
46.24	24.9718
46.26	17.6238
46.28	13.435
46.3	11.4734
46.32	10.6897
46.34	10.988
46.36	12.643
46.38	16.0863
46.4	21.5561
46.42	27.957
46.44	30.6385
46.46	27.2209
46.48	22.0018
46.5	18.0825
46.52	15.0161
46.54	12.4483
46.56	10.8764
46.58	10.3034
46.6	10.2872
46.62	10.4111
46.64	11.1134
46.66	13.0181
46.68	16.9104
46.7	23.7079
46.72	33.9068
46.74	45.2578
46.76	49.7385
46.78	43.0169
46.8	32.8887
46.82	25.2616
46.84	20.042
46.86	16.4202
46.88	13.75
46.9	11.7637
46.92	10.7208
46.94	10.6219
46.96	11.6457
46.98	14.0764
47	18.2075
47.02	23.7216
47.04	27.9452
47.06	27.6847
47.08	25.392
47.1	25.382
47.12	29.4408
47.14	37.5566
47.16	46.7874
47.18	51.6696
47.2	49.8889
47.22	42.3217
47.24	32.4233
47.26	24.6875
47.28	20.4776
47.3	19.0587
47.32	18.5701
47.34	16.8748
47.36	14.3165
47.38	12.2256
47.4	11.0706
47.42	10.8109
47.44	11.3941
47.46	12.7942
47.48	14.92
47.5	17.0596
47.52	18.0738
47.54	18.4506
47.56	19.4646
47.58	21.3202
47.6	23.5614
47.62	27.0048
47.64	33.0157
47.66	43.6474
47.68	61.8419
47.7	91.4341
47.72	134.825
47.74	183.852
47.76	206.106
47.78	183.246
47.8	149.359
47.82	131.644
47.84	131.802
47.86	134.114
47.88	118.107
47.9	90.4676
47.92	67.5002
47.94	53.6882
47.96	47.3587
47.98	43.9376
48	38.7308
48.02	31.9868
48.04	26.6988
48.06	23.7635
48.08	22.0285
48.1	19.8512
48.12	17.4783
48.14	15.9157
48.16	15.2991
48.18	15.1437
48.2	15.227
48.22	16.0631
48.24	18.3443
48.26	22.4531
48.28	28.3488
48.3	35.3452
48.32	44.4339
48.34	57.0021
48.36	68.0083
48.38	67.7734
48.4	59.686
48.42	54.3754
48.44	54.0328
48.46	52.3234
48.48	44.5726
48.5	35.8616
48.52	30.415
48.54	27.8021
48.56	25.8498
48.58	23.9874
48.6	22.0224
48.62	20.1899
48.64	19.5673
48.66	19.8785
48.68	19.6124
48.7	18.8825
48.72	19.0462
48.74	20.3801
48.76	23.2545
48.78	28.8689
48.8	37.5087
48.82	46.1377
48.84	47.9147
48.86	43.0221
48.88	37.8777
48.9	33.5497
48.92	29.4687
48.94	27.5563
48.96	29.4776
48.98	36.4803
49	49.9982
49.02	70.2558
49.04	90.8465
49.06	95.3683
49.08	80.8468
49.1	63.5837
49.12	53.2732
49.14	49.5777
49.16	46.695
49.18	40.5899
49.2	33.6746
49.22	29.191
49.24	27.7055
49.26	26.382
49.28	23.6188
49.3	21.3545
49.32	20.6647
49.34	20.3602
49.36	19.9115
49.38	19.7319
49.4	18.917
49.42	16.3912
49.44	13.4474
49.46	11.3829
49.48	10.6202
49.5	11.044
49.52	11.8138
49.54	11.5734
49.56	10.4685
49.58	9.80035
49.6	9.98137
49.62	10.3942
49.64	10.1202
49.66	9.63643
49.68	10.0298
49.7	11.9042
49.72	15.4988
49.74	20.1045
49.76	22.6569
49.78	20.7215
49.8	17.2117
49.82	14.8357
49.84	13.6888
49.86	13.7071
49.88	14.3453
49.9	13.9722
49.92	12.0608
49.94	9.56753
49.96	7.38979
49.98	5.97708
50	5.30843
